year,round,circuit_id,driver_id,team_id,fp_pos,driver_form,air_temp,rainfall,grid_position,finish_position,safety_car
2022,1,3,10,4,,15.0,23.617791411042944,0,1.0,1.0,1
2022,1,3,19,4,,15.0,23.617791411042944,0,3.0,2.0,1
2022,1,3,6,8,,15.0,23.617791411042944,0,5.0,3.0,1
2022,1,3,18,8,,15.0,23.617791411042944,0,9.0,4.0,1
2022,1,3,11,5,,15.0,23.617791411042944,0,7.0,5.0,1
2022,1,3,3,0,,15.0,23.617791411042944,0,6.0,6.0,1
2022,1,3,14,2,,15.0,23.617791411042944,0,11.0,7.0,1
2022,1,3,22,1,,15.0,23.617791411042944,0,16.0,8.0,1
2022,1,3,1,2,,15.0,23.617791411042944,0,8.0,9.0,1
2022,1,3,25,0,,15.0,23.617791411042944,0,15.0,10.0,1
2022,1,3,12,5,,15.0,23.617791411042944,0,12.0,11.0,1
2022,1,3,21,3,,15.0,23.617791411042944,0,19.0,12.0,1
2022,1,3,0,11,,15.0,23.617791411042944,0,14.0,13.0,1
2022,1,3,17,7,,15.0,23.617791411042944,0,18.0,14.0,1
2022,1,3,13,7,,15.0,23.617791411042944,0,13.0,15.0,1
2022,1,3,8,11,,15.0,23.617791411042944,0,20.0,16.0,1
2022,1,3,7,3,,15.0,23.617791411042944,0,17.0,17.0,1
2022,1,3,15,10,,15.0,23.617791411042944,0,4.0,18.0,1
2022,1,3,23,10,,15.0,23.617791411042944,0,2.0,19.0,1
2022,1,3,5,1,,15.0,23.617791411042944,0,10.0,20.0,1
2022,2,17,23,10,,19.0,25.42039473684211,0,4.0,1.0,1
2022,2,17,10,4,,1.0,25.42039473684211,0,2.0,2.0,1
2022,2,17,19,4,,2.0,25.42039473684211,0,3.0,3.0,1
2022,2,17,15,10,,18.0,25.42039473684211,0,1.0,4.0,1
2022,2,17,18,8,,4.0,25.42039473684211,0,6.0,5.0,1
2022,2,17,14,2,,7.0,25.42039473684211,0,5.0,6.0,1
2022,2,17,13,7,,15.0,25.42039473684211,0,11.0,7.0,1
2022,2,17,5,1,,20.0,25.42039473684211,0,9.0,8.0,1
2022,2,17,11,5,,5.0,25.42039473684211,0,10.0,9.0,1
2022,2,17,6,8,,3.0,25.42039473684211,0,15.0,10.0,1
2022,2,17,25,0,,10.0,25.42039473684211,0,12.0,11.0,1
2022,2,17,7,3,,17.0,25.42039473684211,0,17.0,12.0,1
2022,2,17,21,3,,12.0,25.42039473684211,0,13.0,13.0,1
2022,2,17,0,11,,13.0,25.42039473684211,0,16.0,14.0,1
2022,2,17,3,0,,6.0,25.42039473684211,0,8.0,15.0,1
2022,2,17,1,2,,9.0,25.42039473684211,0,7.0,16.0,1
2022,2,17,17,7,,14.0,25.42039473684211,0,14.0,17.0,1
2022,2,17,8,11,,16.0,25.42039473684211,0,18.0,18.0,1
2022,2,17,22,1,,8.0,25.42039473684211,0,19.0,19.0,1
2022,2,17,12,5,,11.0,25.42039473684211,0,20.0,20.0,1
2022,3,1,10,4,,1.5,26.69743589743589,0,1.0,1.0,1
2022,3,1,15,10,,11.0,26.69743589743589,0,3.0,2.0,1
2022,3,1,18,8,,4.5,26.69743589743589,0,6.0,3.0,1
2022,3,1,6,8,,6.5,26.69743589743589,0,5.0,4.0,1
2022,3,1,13,7,,11.0,26.69743589743589,0,4.0,5.0,1
2022,3,1,17,7,,15.5,26.69743589743589,0,7.0,6.0,1
2022,3,1,14,2,,6.5,26.69743589743589,0,8.0,7.0,1
2022,3,1,3,0,,10.5,26.69743589743589,0,12.0,8.0,1
2022,3,1,5,1,,14.0,26.69743589743589,0,11.0,9.0,1
2022,3,1,0,11,,13.5,26.69743589743589,0,20.0,10.0,1
2022,3,1,25,0,,10.5,26.69743589743589,0,14.0,11.0,1
2022,3,1,21,3,,12.5,26.69743589743589,0,19.0,12.0,1
2022,3,1,12,5,,15.5,26.69743589743589,0,15.0,13.0,1
2022,3,1,11,5,,7.0,26.69743589743589,0,16.0,14.0,1
2022,3,1,22,1,,13.5,26.69743589743589,0,13.0,15.0,1
2022,3,1,8,11,,17.0,26.69743589743589,0,18.0,16.0,1
2022,3,1,1,2,,12.5,26.69743589743589,0,10.0,17.0,1
2022,3,1,23,10,,10.0,26.69743589743589,0,2.0,18.0,1
2022,3,1,24,3,,15.0,26.69743589743589,0,17.0,19.0,1
2022,3,1,19,4,,2.5,26.69743589743589,0,9.0,20.0,1
2022,5,15,23,10,,12.666666666666666,30.617283950617285,1,3.0,1.0,1
2022,5,15,10,4,,1.3333333333333333,30.617283950617285,1,1.0,2.0,1
2022,5,15,19,4,,8.333333333333334,30.617283950617285,1,2.0,3.0,1
2022,5,15,15,10,,8.0,30.617283950617285,1,4.0,4.0,1
2022,5,15,18,8,,4.0,30.617283950617285,1,12.0,5.0,1
2022,5,15,6,8,,5.666666666666667,30.617283950617285,1,6.0,6.0,1
2022,5,15,3,0,,9.666666666666666,30.617283950617285,1,5.0,7.0,1
2022,5,15,14,2,,6.666666666666667,30.617283950617285,1,20.0,8.0,1
2022,5,15,0,11,,12.333333333333334,30.617283950617285,1,18.0,9.0,1
2022,5,15,21,3,,12.333333333333334,30.617283950617285,1,0.0,10.0,1
2022,5,15,1,2,,14.0,30.617283950617285,1,11.0,11.0,1
2022,5,15,22,1,,14.0,30.617283950617285,1,9.0,12.0,1
2022,5,15,17,7,,12.333333333333334,30.617283950617285,1,14.0,13.0,1
2022,5,15,8,11,,16.666666666666668,30.617283950617285,1,19.0,14.0,1
2022,5,15,12,5,,14.666666666666666,30.617283950617285,1,15.0,15.0,1
2022,5,15,11,5,,9.333333333333334,30.617283950617285,1,16.0,16.0,1
2022,5,15,24,3,,19.0,30.617283950617285,1,0.0,17.0,1
2022,5,15,5,1,,12.333333333333334,30.617283950617285,1,7.0,18.0,1
2022,5,15,13,7,,9.0,30.617283950617285,1,8.0,19.0,1
2022,5,15,25,0,,10.666666666666666,30.617283950617285,1,17.0,20.0,1
2022,6,19,23,10,,6.666666666666667,36.56585365853658,0,2.0,1.0,0
2022,6,19,15,10,,3.3333333333333335,36.56585365853658,0,5.0,2.0,0
2022,6,19,18,8,,4.333333333333333,36.56585365853658,0,4.0,3.0,0
2022,6,19,19,4,,8.666666666666666,36.56585365853658,0,3.0,4.0,0
2022,6,19,6,8,,6.666666666666667,36.56585365853658,0,6.0,5.0,0
2022,6,19,3,0,,10.0,36.56585365853658,0,7.0,6.0,0
2022,6,19,14,2,,7.0,36.56585365853658,0,12.0,7.0,0
2022,6,19,13,7,,10.333333333333334,36.56585365853658,0,11.0,8.0,0
2022,6,19,1,2,,14.666666666666666,36.56585365853658,0,20.0,9.0,0
2022,6,19,22,1,,15.333333333333334,36.56585365853658,0,13.0,10.0,0
2022,6,19,24,3,,18.0,36.56585365853658,0,16.0,11.0,0
2022,6,19,17,7,,12.0,36.56585365853658,0,9.0,12.0,0
2022,6,19,5,1,,11.666666666666666,36.56585365853658,0,14.0,13.0,0
2022,6,19,12,5,,16.0,36.56585365853658,0,10.0,14.0,0
2022,6,19,21,3,,11.666666666666666,36.56585365853658,0,17.0,15.0,0
2022,6,19,8,11,,16.0,36.56585365853658,0,19.0,16.0,0
2022,6,19,11,5,,13.0,36.56585365853658,0,8.0,17.0,0
2022,6,19,0,11,,11.0,36.56585365853658,0,18.0,18.0,0
2022,6,19,25,0,,14.0,36.56585365853658,0,15.0,19.0,0
2022,6,19,10,4,,1.6666666666666667,36.56585365853658,0,1.0,20.0,0
2022,7,16,15,10,,2.6666666666666665,22.27469387755102,1,3.0,1.0,1
2022,7,16,19,4,,9.0,22.27469387755102,1,2.0,2.0,1
2022,7,16,23,10,,6.666666666666667,22.27469387755102,1,4.0,3.0,1
2022,7,16,10,4,,7.666666666666667,22.27469387755102,1,1.0,4.0,1
2022,7,16,18,8,,3.6666666666666665,22.27469387755102,1,6.0,5.0,1
2022,7,16,13,7,,10.666666666666666,22.27469387755102,1,5.0,6.0,1
2022,7,16,1,2,,12.333333333333334,22.27469387755102,1,7.0,7.0,1
2022,7,16,6,8,,5.0,22.27469387755102,1,8.0,8.0,1
2022,7,16,3,0,,7.0,22.27469387755102,1,12.0,9.0,1
2022,7,16,24,3,,15.666666666666666,22.27469387755102,1,9.0,10.0,1
2022,7,16,5,1,,13.333333333333334,22.27469387755102,1,17.0,11.0,1
2022,7,16,14,2,,7.333333333333333,22.27469387755102,1,10.0,12.0,1
2022,7,16,17,7,,10.333333333333334,22.27469387755102,1,14.0,13.0,1
2022,7,16,21,3,,12.333333333333334,22.27469387755102,1,18.0,14.0,1
2022,7,16,8,11,,15.333333333333334,22.27469387755102,1,19.0,15.0,1
2022,7,16,25,0,,16.666666666666668,22.27469387755102,1,20.0,16.0,1
2022,7,16,22,1,,12.333333333333334,22.27469387755102,1,11.0,17.0,1
2022,7,16,0,11,,12.333333333333334,22.27469387755102,1,16.0,18.0,1
2022,7,16,12,5,,14.0,22.27469387755102,1,15.0,19.0,1
2022,7,16,11,5,,15.666666666666666,22.27469387755102,1,13.0,20.0,1
2022,8,2,23,10,,1.6666666666666667,25.43540372670808,0,3.0,1.0,1
2022,8,2,15,10,,2.3333333333333335,25.43540372670808,0,2.0,2.0,1
2022,8,2,18,8,,4.333333333333333,25.43540372670808,0,5.0,3.0,1
2022,8,2,6,8,,6.333333333333333,25.43540372670808,0,7.0,4.0,1
2022,8,2,5,1,,14.0,25.43540372670808,0,6.0,5.0,1
2022,8,2,24,3,,12.666666666666666,25.43540372670808,0,9.0,6.0,1
2022,8,2,1,2,,9.0,25.43540372670808,0,10.0,7.0,1
2022,8,2,17,7,,12.666666666666666,25.43540372670808,0,12.0,8.0,1
2022,8,2,13,7,,11.0,25.43540372670808,0,11.0,9.0,1
2022,8,2,14,2,,9.0,25.43540372670808,0,13.0,10.0,1
2022,8,2,3,0,,7.333333333333333,25.43540372670808,0,15.0,11.0,1
2022,8,2,0,11,,15.0,25.43540372670808,0,17.0,12.0,1
2022,8,2,22,1,,13.0,25.43540372670808,0,8.0,13.0,1
2022,8,2,12,5,,16.0,25.43540372670808,0,20.0,14.0,1
2022,8,2,8,11,,15.0,25.43540372670808,0,18.0,15.0,1
2022,8,2,21,3,,13.0,25.43540372670808,0,19.0,16.0,1
2022,8,2,11,5,,17.666666666666668,25.43540372670808,0,16.0,17.0,1
2022,8,2,25,0,,18.333333333333332,25.43540372670808,0,14.0,18.0,1
2022,8,2,10,4,,8.666666666666666,25.43540372670808,0,1.0,19.0,1
2022,8,2,19,4,,3.0,25.43540372670808,0,4.0,20.0,1
2022,9,6,23,10,,1.6666666666666667,20.762962962962963,0,1.0,1.0,1
2022,9,6,19,4,,8.666666666666666,20.762962962962963,0,3.0,2.0,1
2022,9,6,6,8,,5.666666666666667,20.762962962962963,0,4.0,3.0,1
2022,9,6,18,8,,3.6666666666666665,20.762962962962963,0,8.0,4.0,1
2022,9,6,10,4,,14.333333333333334,20.762962962962963,0,19.0,5.0,1
2022,9,6,14,2,,9.666666666666666,20.762962962962963,0,7.0,6.0,1
2022,9,6,3,0,,8.666666666666666,20.762962962962963,0,11.0,7.0,1
2022,9,6,25,0,,17.666666666666668,20.762962962962963,0,10.0,8.0,1
2022,9,6,1,2,,7.666666666666667,20.762962962962963,0,2.0,9.0,1
2022,9,6,21,3,,15.0,20.762962962962963,0,17.0,10.0,1
2022,9,6,17,7,,11.0,20.762962962962963,0,9.0,11.0,1
2022,9,6,24,3,,9.0,20.762962962962963,0,16.0,12.0,1
2022,9,6,0,11,,16.0,20.762962962962963,0,12.0,13.0,1
2022,9,6,5,1,,9.666666666666666,20.762962962962963,0,15.0,14.0,1
2022,9,6,13,7,,7.666666666666667,20.762962962962963,0,14.0,15.0,1
2022,9,6,8,11,,15.333333333333334,20.762962962962963,0,18.0,16.0,1
2022,9,6,11,5,,18.0,20.762962962962963,0,5.0,17.0,1
2022,9,6,22,1,,13.333333333333334,20.762962962962963,0,20.0,18.0,1
2022,9,6,12,5,,15.666666666666666,20.762962962962963,0,6.0,19.0,1
2022,9,6,15,10,,1.6666666666666667,20.762962962962963,0,13.0,20.0,1
2022,10,5,19,4,,8.0,18.25320197044335,1,1.0,1.0,1
2022,10,5,15,10,,7.666666666666667,18.25320197044335,1,4.0,2.0,1
2022,10,5,6,8,,5.0,18.25320197044335,1,5.0,3.0,1
2022,10,5,10,4,,9.333333333333334,18.25320197044335,1,3.0,4.0,1
2022,10,5,1,2,,7.666666666666667,18.25320197044335,1,7.0,5.0,1
2022,10,5,13,7,,10.0,18.25320197044335,1,6.0,6.0,1
2022,10,5,23,10,,1.6666666666666667,18.25320197044335,1,2.0,7.0,1
2022,10,5,12,5,,17.333333333333332,18.25320197044335,1,19.0,8.0,1
2022,10,5,24,3,,9.333333333333334,18.25320197044335,1,18.0,9.0,1
2022,10,5,11,5,,18.0,18.25320197044335,1,17.0,10.0,1
2022,10,5,21,3,,13.333333333333334,18.25320197044335,1,20.0,11.0,1
2022,10,5,8,11,,15.333333333333334,18.25320197044335,1,10.0,12.0,1
2022,10,5,17,7,,10.666666666666666,18.25320197044335,1,14.0,13.0,1
2022,10,5,22,1,,16.0,18.25320197044335,1,13.0,14.0,1
2022,10,5,14,2,,9.333333333333334,18.25320197044335,1,15.0,15.0,1
2022,10,5,5,1,,10.0,18.25320197044335,1,11.0,16.0,1
2022,10,5,3,0,,9.0,18.25320197044335,1,12.0,17.0,1
2022,10,5,18,8,,4.0,18.25320197044335,1,8.0,18.0,1
2022,10,5,25,0,,14.0,18.25320197044335,1,9.0,19.0,1
2022,10,5,0,11,,14.333333333333334,18.25320197044335,1,16.0,20.0,1
2022,12,9,23,10,,3.0,30.164843750000003,0,2.0,1.0,1
2022,12,9,6,8,,3.3333333333333335,30.164843750000003,0,4.0,2.0,1
2022,12,9,18,8,,8.333333333333334,30.164843750000003,0,6.0,3.0,1
2022,12,9,15,10,,8.0,30.164843750000003,0,3.0,4.0,1
2022,12,9,19,4,,7.666666666666667,30.164843750000003,0,19.0,5.0,1
2022,12,9,1,2,,7.0,30.164843750000003,0,7.0,6.0,1
2022,12,9,13,7,,10.0,30.164843750000003,0,5.0,7.0,1
2022,12,9,14,2,,10.333333333333334,30.164843750000003,0,10.0,8.0,1
2022,12,9,17,7,,10.666666666666666,30.164843750000003,0,9.0,9.0,1
2022,12,9,21,3,,12.333333333333334,30.164843750000003,0,15.0,10.0,1
2022,12,9,24,3,,9.0,30.164843750000003,0,12.0,11.0,1
2022,12,9,5,1,,11.666666666666666,30.164843750000003,0,14.0,12.0,1
2022,12,9,0,11,,15.0,30.164843750000003,0,13.0,13.0,1
2022,12,9,3,0,,11.666666666666666,30.164843750000003,0,11.0,14.0,1
2022,12,9,12,5,,13.666666666666666,30.164843750000003,0,17.0,15.0,1
2022,12,9,25,0,,15.0,30.164843750000003,0,16.0,16.0,1
2022,12,9,8,11,,14.333333333333334,30.164843750000003,0,18.0,17.0,1
2022,12,9,11,5,,14.666666666666666,30.164843750000003,0,20.0,18.0,1
2022,12,9,10,4,,9.333333333333334,30.164843750000003,0,1.0,19.0,1
2022,12,9,22,1,,15.0,30.164843750000003,0,8.0,20.0,1
2022,13,10,23,10,,3.0,18.55988023952096,1,10.0,1.0,1
2022,13,10,6,8,,2.6666666666666665,18.55988023952096,1,7.0,2.0,1
2022,13,10,18,8,,8.333333333333334,18.55988023952096,1,1.0,3.0,1
2022,13,10,19,4,,2.6666666666666665,18.55988023952096,1,2.0,4.0,1
2022,13,10,15,10,,8.666666666666666,18.55988023952096,1,11.0,5.0,1
2022,13,10,10,4,,9.333333333333334,18.55988023952096,1,3.0,6.0,1
2022,13,10,13,7,,9.333333333333334,18.55988023952096,1,4.0,7.0,1
2022,13,10,1,2,,6.666666666666667,18.55988023952096,1,6.0,8.0,1
2022,13,10,14,2,,9.666666666666666,18.55988023952096,1,5.0,9.0,1
2022,13,10,24,3,,10.666666666666666,18.55988023952096,1,18.0,10.0,1
2022,13,10,21,3,,10.333333333333334,18.55988023952096,1,14.0,11.0,1
2022,13,10,5,1,,14.0,18.55988023952096,1,0.0,12.0,1
2022,13,10,25,0,,14.333333333333334,18.55988023952096,1,12.0,13.0,1
2022,13,10,12,5,,14.0,18.55988023952096,1,15.0,14.0,1
2022,13,10,17,7,,11.0,18.55988023952096,1,9.0,15.0,1
2022,13,10,11,5,,15.0,18.55988023952096,1,13.0,16.0,1
2022,13,10,0,11,,15.333333333333334,18.55988023952096,1,17.0,17.0,1
2022,13,10,8,11,,15.0,18.55988023952096,1,19.0,18.0,1
2022,13,10,22,1,,17.333333333333332,18.55988023952096,1,16.0,19.0,1
2022,13,10,3,0,,12.666666666666666,18.55988023952096,1,8.0,20.0,1
2022,14,4,23,10,,3.0,21.78717948717949,0,14.0,1.0,1
2022,14,4,15,10,,3.6666666666666665,21.78717948717949,0,2.0,2.0,1
2022,14,4,19,4,,3.3333333333333335,21.78717948717949,0,1.0,3.0,1
2022,14,4,18,8,,8.0,21.78717948717949,0,5.0,4.0,1
2022,14,4,1,2,,6.333333333333333,21.78717948717949,0,3.0,5.0,1
2022,14,4,10,4,,9.666666666666666,21.78717948717949,0,15.0,6.0,1
2022,14,4,14,2,,10.666666666666666,21.78717948717949,0,16.0,7.0,1
2022,14,4,24,3,,10.0,21.78717948717949,0,10.0,8.0,1
2022,14,4,5,1,,13.333333333333334,21.78717948717949,0,0.0,9.0,1
2022,14,4,0,11,,16.666666666666668,21.78717948717949,0,6.0,10.0,1
2022,14,4,21,3,,10.666666666666666,21.78717948717949,0,9.0,11.0,1
2022,14,4,13,7,,6.666666666666667,21.78717948717949,0,17.0,12.0,1
2022,14,4,22,1,,17.666666666666668,21.78717948717949,0,0.0,13.0,1
2022,14,4,25,0,,16.0,21.78717948717949,0,18.0,14.0,1
2022,14,4,17,7,,12.333333333333334,21.78717948717949,0,7.0,15.0,1
2022,14,4,11,5,,14.666666666666666,21.78717948717949,0,12.0,16.0,1
2022,14,4,12,5,,12.333333333333334,21.78717948717949,0,19.0,17.0,1
2022,14,4,8,11,,15.666666666666666,21.78717948717949,0,11.0,18.0,1
2022,14,4,3,0,,17.0,21.78717948717949,0,13.0,19.0,1
2022,14,4,6,8,,2.3333333333333335,21.78717948717949,0,4.0,20.0,1
2022,15,7,23,10,,1.0,22.73006134969325,0,1.0,1.0,1
2022,15,7,18,8,,3.3333333333333335,22.73006134969325,0,6.0,2.0,1
2022,15,7,10,4,,10.333333333333334,22.73006134969325,0,2.0,3.0,1
2022,15,7,6,8,,8.0,22.73006134969325,0,4.0,4.0,1
2022,15,7,15,10,,3.6666666666666665,22.73006134969325,0,5.0,5.0,1
2022,15,7,1,2,,6.333333333333333,22.73006134969325,0,13.0,6.0,1
2022,15,7,13,7,,8.666666666666666,22.73006134969325,0,7.0,7.0,1
2022,15,7,19,4,,4.0,22.73006134969325,0,3.0,8.0,1
2022,15,7,14,2,,8.0,22.73006134969325,0,12.0,9.0,1
2022,15,7,21,3,,10.666666666666666,22.73006134969325,0,10.0,10.0,1
2022,15,7,5,1,,11.0,22.73006134969325,0,11.0,11.0,1
2022,15,7,0,11,,13.333333333333334,22.73006134969325,0,15.0,12.0,1
2022,15,7,12,5,,15.333333333333334,22.73006134969325,0,8.0,13.0,1
2022,15,7,24,3,,9.666666666666666,22.73006134969325,0,19.0,14.0,1
2022,15,7,11,5,,16.666666666666668,22.73006134969325,0,18.0,15.0,1
2022,15,7,25,0,,14.333333333333334,22.73006134969325,0,14.0,16.0,1
2022,15,7,17,7,,13.0,22.73006134969325,0,17.0,17.0,1
2022,15,7,8,11,,17.666666666666668,22.73006134969325,0,20.0,18.0,1
2022,15,7,3,0,,17.666666666666668,22.73006134969325,0,16.0,19.0,1
2022,15,7,22,1,,17.333333333333332,22.73006134969325,0,9.0,20.0,1
2022,16,11,23,10,,1.0,27.73469387755102,0,7.0,1.0,1
2022,16,11,10,4,,5.0,27.73469387755102,0,1.0,2.0,1
2022,16,11,18,8,,3.0,27.73469387755102,0,2.0,3.0,1
2022,16,11,19,4,,5.0,27.73469387755102,0,18.0,4.0,1
2022,16,11,6,8,,8.666666666666666,27.73469387755102,0,19.0,5.0,1
2022,16,11,15,10,,4.0,27.73469387755102,0,13.0,6.0,1
2022,16,11,13,7,,8.666666666666666,27.73469387755102,0,3.0,7.0,1
2022,16,11,5,1,,10.666666666666666,27.73469387755102,0,5.0,8.0,1
2022,16,11,4,11,20.0,15.0,27.73469387755102,0,8.0,9.0,1
2022,16,11,25,0,,14.333333333333334,27.73469387755102,0,9.0,10.0,1
2022,16,11,14,2,,8.333333333333334,27.73469387755102,0,14.0,11.0,1
2022,16,11,12,5,,14.666666666666666,27.73469387755102,0,17.0,12.0,1
2022,16,11,3,0,,19.333333333333332,27.73469387755102,0,15.0,13.0,1
2022,16,11,22,1,,17.333333333333332,27.73469387755102,0,20.0,14.0,1
2022,16,11,8,11,,18.0,27.73469387755102,0,10.0,15.0,1
2022,16,11,11,5,,15.666666666666666,27.73469387755102,0,16.0,16.0,1
2022,16,11,17,7,,15.666666666666666,27.73469387755102,0,4.0,17.0,1
2022,16,11,21,3,,10.666666666666666,27.73469387755102,0,12.0,18.0,1
2022,16,11,1,2,,6.333333333333333,27.73469387755102,0,6.0,19.0,1
2022,16,11,24,3,,10.666666666666666,27.73469387755102,0,11.0,20.0,1
2022,17,18,15,10,,4.333333333333333,26.23254901960784,1,2.0,1.0,1
2022,17,18,10,4,,3.6666666666666665,26.23254901960784,1,1.0,2.0,1
2022,17,18,19,4,,5.0,26.23254901960784,1,4.0,3.0,1
2022,17,18,13,7,,8.666666666666666,26.23254901960784,1,6.0,4.0,1
2022,17,18,17,7,,16.333333333333332,26.23254901960784,1,16.0,5.0,1
2022,17,18,21,3,,13.0,26.23254901960784,1,11.0,6.0,1
2022,17,18,23,10,,1.0,26.23254901960784,1,8.0,7.0,1
2022,17,18,24,3,,14.0,26.23254901960784,1,13.0,8.0,1
2022,17,18,6,8,,9.666666666666666,26.23254901960784,1,3.0,9.0,1
2022,17,18,5,1,,9.333333333333334,26.23254901960784,1,7.0,10.0,1
2022,17,18,3,0,,17.0,26.23254901960784,1,15.0,11.0,1
2022,17,18,11,5,,15.666666666666666,26.23254901960784,1,9.0,12.0,1
2022,17,18,12,5,,14.0,26.23254901960784,1,12.0,13.0,1
2022,17,18,18,8,,3.0,26.23254901960784,1,0.0,14.0,1
2022,17,18,22,1,,15.666666666666666,26.23254901960784,1,10.0,15.0,1
2022,17,18,14,2,,9.0,26.23254901960784,1,17.0,16.0,1
2022,17,18,0,11,,13.0,26.23254901960784,1,18.0,17.0,1
2022,17,18,1,2,,10.0,26.23254901960784,1,5.0,18.0,1
2022,17,18,8,11,,17.0,26.23254901960784,1,19.0,19.0,1
2022,17,18,25,0,,13.333333333333334,26.23254901960784,1,14.0,20.0,1
2022,18,12,23,10,,3.0,16.717647058823534,1,1.0,1.0,0
2022,18,12,15,10,,4.0,16.717647058823534,1,4.0,2.0,0
2022,18,12,10,4,,2.3333333333333335,16.717647058823534,1,2.0,3.0,0
2022,18,12,14,2,,12.0,16.717647058823534,1,5.0,4.0,0
2022,18,12,6,8,,6.0,16.717647058823534,1,6.0,5.0,0
2022,18,12,24,3,,14.0,16.717647058823534,1,9.0,6.0,0
2022,18,12,1,2,,14.333333333333334,16.717647058823534,1,7.0,7.0,0
2022,18,12,18,8,,6.333333333333333,16.717647058823534,1,8.0,8.0,0
2022,18,12,8,11,,17.333333333333332,16.717647058823534,1,20.0,9.0,0
2022,18,12,13,7,,6.0,16.717647058823534,1,10.0,10.0,0
2022,18,12,17,7,,13.0,16.717647058823534,1,11.0,11.0,0
2022,18,12,21,3,,11.333333333333334,16.717647058823534,1,19.0,12.0,0
2022,18,12,22,1,,16.333333333333332,16.717647058823534,1,13.0,13.0,0
2022,18,12,11,5,,14.333333333333334,16.717647058823534,1,18.0,14.0,0
2022,18,12,3,0,,14.333333333333334,16.717647058823534,1,12.0,15.0,0
2022,18,12,25,0,,15.333333333333334,16.717647058823534,1,14.0,16.0,0
2022,18,12,12,5,,12.666666666666666,16.717647058823534,1,15.0,17.0,0
2022,18,12,5,1,,9.666666666666666,16.717647058823534,1,17.0,18.0,0
2022,18,12,19,4,,5.0,16.717647058823534,1,3.0,19.0,0
2022,18,12,0,11,,13.0,16.717647058823534,1,16.0,20.0,0
2022,19,20,23,10,,3.0,29.28529411764706,0,2.0,1.0,1
2022,19,20,6,8,,6.333333333333333,29.28529411764706,0,3.0,2.0,1
2022,19,20,10,4,,2.3333333333333335,29.28529411764706,0,12.0,3.0,1
2022,19,20,15,10,,3.0,29.28529411764706,0,9.0,4.0,1
2022,19,20,18,8,,8.333333333333334,29.28529411764706,0,4.0,5.0,1
2022,19,20,13,7,,7.0,29.28529411764706,0,6.0,6.0,1
2022,19,20,1,2,,14.666666666666666,29.28529411764706,0,14.0,7.0,1
2022,19,20,24,3,,11.333333333333334,29.28529411764706,0,10.0,8.0,1
2022,19,20,11,5,,14.0,29.28529411764706,0,13.0,9.0,1
2022,19,20,22,1,,14.0,29.28529411764706,0,19.0,10.0,1
2022,19,20,14,2,,10.333333333333334,29.28529411764706,0,0.0,11.0,1
2022,19,20,25,0,,15.333333333333334,29.28529411764706,0,18.0,12.0,1
2022,19,20,0,11,,16.333333333333332,29.28529411764706,0,8.0,13.0,1
2022,19,20,5,1,,12.0,29.28529411764706,0,11.0,14.0,1
2022,19,20,12,5,,14.0,29.28529411764706,0,16.0,15.0,1
2022,19,20,17,7,,11.0,29.28529411764706,0,15.0,16.0,1
2022,19,20,8,11,,14.333333333333334,29.28529411764706,0,17.0,17.0,1
2022,19,20,21,3,,12.0,29.28529411764706,0,5.0,18.0,1
2022,19,20,3,0,,13.0,29.28529411764706,0,7.0,19.0,1
2022,19,20,19,4,,8.666666666666666,29.28529411764706,0,1.0,20.0,1
2022,20,14,23,10,,3.0,24.312727272727276,0,1.0,1.0,0
2022,20,14,6,8,,5.333333333333333,24.312727272727276,0,3.0,2.0,0
2022,20,14,15,10,,2.3333333333333335,24.312727272727276,0,4.0,3.0,0
2022,20,14,18,8,,9.0,24.312727272727276,0,2.0,4.0,0
2022,20,14,19,4,,14.0,24.312727272727276,0,5.0,5.0,0
2022,20,14,10,4,,2.6666666666666665,24.312727272727276,0,7.0,6.0,0
2022,20,14,17,7,,10.666666666666666,24.312727272727276,0,11.0,7.0,0
2022,20,14,14,2,,10.333333333333334,24.312727272727276,0,10.0,8.0,0
2022,20,14,13,7,,6.666666666666667,24.312727272727276,0,8.0,9.0,0
2022,20,14,3,0,,15.0,24.312727272727276,0,6.0,10.0,0
2022,20,14,5,1,,14.0,24.312727272727276,0,14.0,11.0,0
2022,20,14,0,11,,16.666666666666668,24.312727272727276,0,17.0,12.0,0
2022,20,14,25,0,,16.0,24.312727272727276,0,12.0,13.0,0
2022,20,14,24,3,,7.333333333333333,24.312727272727276,0,16.0,14.0,0
2022,20,14,21,3,,12.0,24.312727272727276,0,20.0,15.0,0
2022,20,14,12,5,,15.0,24.312727272727276,0,15.0,16.0,0
2022,20,14,11,5,,11.666666666666666,24.312727272727276,0,19.0,17.0,0
2022,20,14,8,11,,15.0,24.312727272727276,0,18.0,18.0,0
2022,20,14,1,2,,10.666666666666666,24.312727272727276,0,9.0,19.0,0
2022,20,14,22,1,,12.666666666666666,24.312727272727276,0,13.0,20.0,0
2022,22,0,23,10,,1.0,28.575483870967748,0,1.0,1.0,0
2022,22,0,10,4,,4.0,28.575483870967748,0,3.0,2.0,0
2022,22,0,15,10,,3.0,28.575483870967748,0,2.0,3.0,0
2022,22,0,19,4,,14.666666666666666,28.575483870967748,0,4.0,4.0,0
2022,22,0,18,8,,5.666666666666667,28.575483870967748,0,6.0,5.0,0
2022,22,0,13,7,,8.333333333333334,28.575483870967748,0,7.0,6.0,0
2022,22,0,14,2,,7.666666666666667,28.575483870967748,0,8.0,7.0,0
2022,22,0,21,3,,15.0,28.575483870967748,0,14.0,8.0,0
2022,22,0,17,7,,11.333333333333334,28.575483870967748,0,13.0,9.0,0
2022,22,0,24,3,,9.333333333333334,28.575483870967748,0,9.0,10.0,0
2022,22,0,22,1,,14.333333333333334,28.575483870967748,0,11.0,11.0,0
2022,22,0,25,0,,13.666666666666666,28.575483870967748,0,15.0,12.0,0
2022,22,0,0,11,,15.0,28.575483870967748,0,19.0,13.0,0
2022,22,0,5,1,,14.333333333333334,28.575483870967748,0,17.0,14.0,0
2022,22,0,3,0,,14.666666666666666,28.575483870967748,0,18.0,15.0,0
2022,22,0,12,5,,16.0,28.575483870967748,0,12.0,16.0,0
2022,22,0,11,5,,13.333333333333334,28.575483870967748,0,16.0,17.0,0
2022,22,0,6,8,,3.0,28.575483870967748,0,5.0,18.0,0
2022,22,0,8,11,,14.666666666666666,28.575483870967748,0,20.0,19.0,0
2022,22,0,1,2,,11.0,28.575483870967748,0,10.0,20.0,0
2023,1,3,23,10,,1.0,27.43167701863354,0,1.0,1.0,0
2023,1,3,15,10,,3.3333333333333335,27.43167701863354,0,2.0,2.0,0
2023,1,3,1,3,,15.333333333333334,27.43167701863354,0,5.0,3.0,0
2023,1,3,19,4,,9.666666666666666,27.43167701863354,0,4.0,4.0,0
2023,1,3,6,8,,7.333333333333333,27.43167701863354,0,7.0,5.0,0
2023,1,3,21,3,,13.666666666666666,27.43167701863354,0,8.0,6.0,0
2023,1,3,18,8,,4.666666666666667,27.43167701863354,0,6.0,7.0,0
2023,1,3,3,0,,14.666666666666666,27.43167701863354,0,12.0,8.0,0
2023,1,3,5,2,,13.0,27.43167701863354,0,20.0,9.0,0
2023,1,3,0,11,,12.666666666666666,27.43167701863354,0,15.0,10.0,0
2023,1,3,22,1,,13.666666666666666,27.43167701863354,0,14.0,11.0,0
2023,1,3,20,11,,15.0,27.43167701863354,0,16.0,12.0,0
2023,1,3,11,5,,14.333333333333334,27.43167701863354,0,17.0,13.0,0
2023,1,3,4,1,,9.0,27.43167701863354,0,19.0,14.0,0
2023,1,3,7,5,,14.5,27.43167701863354,0,10.0,15.0,0
2023,1,3,25,0,,12.333333333333334,27.43167701863354,0,13.0,16.0,0
2023,1,3,13,7,,7.0,27.43167701863354,0,11.0,17.0,0
2023,1,3,14,2,,8.666666666666666,27.43167701863354,0,9.0,18.0,0
2023,1,3,10,4,,3.6666666666666665,27.43167701863354,0,3.0,19.0,0
2023,1,3,16,7,,15.0,27.43167701863354,0,18.0,20.0,0
2023,2,17,15,10,,2.6666666666666665,26.09189189189189,0,1.0,1.0,1
2023,2,17,23,10,,1.0,26.09189189189189,0,15.0,2.0,1
2023,2,17,1,3,,14.0,26.09189189189189,0,2.0,3.0,1
2023,2,17,18,8,,5.333333333333333,26.09189189189189,0,3.0,4.0,1
2023,2,17,6,8,,8.333333333333334,26.09189189189189,0,7.0,5.0,1
2023,2,17,19,4,,4.333333333333333,26.09189189189189,0,4.0,6.0,1
2023,2,17,10,4,,9.0,26.09189189189189,0,12.0,7.0,1
2023,2,17,14,2,,11.0,26.09189189189189,0,6.0,8.0,1
2023,2,17,5,2,,11.333333333333334,26.09189189189189,0,9.0,9.0,1
2023,2,17,11,5,,15.666666666666666,26.09189189189189,0,13.0,10.0,1
2023,2,17,22,1,,14.0,26.09189189189189,0,16.0,11.0,1
2023,2,17,7,5,,14.666666666666666,26.09189189189189,0,10.0,12.0,1
2023,2,17,25,0,,13.666666666666666,26.09189189189189,0,11.0,13.0,1
2023,2,17,4,1,,11.5,26.09189189189189,0,18.0,14.0,1
2023,2,17,16,7,,20.0,26.09189189189189,0,8.0,15.0,1
2023,2,17,20,11,,12.0,26.09189189189189,0,20.0,16.0,1
2023,2,17,13,7,,10.666666666666666,26.09189189189189,0,19.0,17.0,1
2023,2,17,3,0,,11.0,26.09189189189189,0,14.0,18.0,1
2023,2,17,0,11,,11.666666666666666,26.09189189189189,0,17.0,19.0,1
2023,2,17,21,3,,9.666666666666666,26.09189189189189,0,5.0,20.0,1
2023,3,1,23,10,,1.3333333333333333,17.449549549549552,0,1.0,1.0,1
2023,3,1,6,8,,9.333333333333334,17.449549549549552,0,3.0,2.0,1
2023,3,1,1,3,,8.666666666666666,17.449549549549552,0,4.0,3.0,1
2023,3,1,21,3,,11.333333333333334,17.449549549549552,0,6.0,4.0,1
2023,3,1,15,10,,2.0,17.449549549549552,0,20.0,5.0,1
2023,3,1,13,7,,13.333333333333334,17.449549549549552,0,13.0,6.0,1
2023,3,1,7,5,,13.0,17.449549549549552,0,10.0,7.0,1
2023,3,1,16,7,,17.5,17.449549549549552,0,16.0,8.0,1
2023,3,1,25,0,,13.666666666666666,17.449549549549552,0,17.0,9.0,1
2023,3,1,22,1,,11.0,17.449549549549552,0,12.0,10.0,1
2023,3,1,3,0,,13.666666666666666,17.449549549549552,0,19.0,11.0,1
2023,3,1,19,4,,4.666666666666667,17.449549549549552,0,5.0,12.0,1
2023,3,1,5,2,,10.666666666666666,17.449549549549552,0,9.0,13.0,1
2023,3,1,14,2,,11.0,17.449549549549552,0,11.0,14.0,1
2023,3,1,4,1,,12.333333333333334,17.449549549549552,0,15.0,15.0,1
2023,3,1,20,11,,14.0,17.449549549549552,0,18.0,16.0,1
2023,3,1,11,5,,13.333333333333334,17.449549549549552,0,14.0,17.0,1
2023,3,1,18,8,,5.333333333333333,17.449549549549552,0,2.0,18.0,1
2023,3,1,0,11,,14.0,17.449549549549552,0,8.0,19.0,1
2023,3,1,10,4,,9.333333333333334,17.449549549549552,0,7.0,20.0,1
2023,5,15,23,10,,1.3333333333333333,27.11741935483871,0,9.0,1.0,0
2023,5,15,15,10,,2.6666666666666665,27.11741935483871,0,1.0,2.0,0
2023,5,15,1,3,,3.0,27.11741935483871,0,2.0,3.0,0
2023,5,15,18,8,,9.666666666666666,27.11741935483871,0,6.0,4.0,0
2023,5,15,19,4,,7.333333333333333,27.11741935483871,0,3.0,5.0,0
2023,5,15,6,8,,4.0,27.11741935483871,0,13.0,6.0,0
2023,5,15,10,4,,15.333333333333334,27.11741935483871,0,7.0,7.0,0
2023,5,15,5,2,,10.333333333333334,27.11741935483871,0,5.0,8.0,0
2023,5,15,14,2,,13.333333333333334,27.11741935483871,0,8.0,9.0,0
2023,5,15,11,5,,13.333333333333334,27.11741935483871,0,4.0,10.0,0
2023,5,15,22,1,,10.666666666666666,27.11741935483871,0,17.0,11.0,0
2023,5,15,21,3,,10.0,27.11741935483871,0,18.0,12.0,0
2023,5,15,3,0,,12.333333333333334,27.11741935483871,0,10.0,13.0,0
2023,5,15,0,11,,16.0,27.11741935483871,0,11.0,14.0,0
2023,5,15,7,5,,11.333333333333334,27.11741935483871,0,12.0,15.0,0
2023,5,15,25,0,,12.666666666666666,27.11741935483871,0,14.0,16.0,0
2023,5,15,13,7,,13.333333333333334,27.11741935483871,0,16.0,17.0,0
2023,5,15,4,1,,14.333333333333334,27.11741935483871,0,15.0,18.0,0
2023,5,15,16,7,,14.333333333333334,27.11741935483871,0,19.0,19.0,0
2023,5,15,20,11,,14.666666666666666,27.11741935483871,0,20.0,20.0,0
2023,6,16,23,10,,1.3333333333333333,25.06590909090909,1,1.0,1.0,0
2023,6,16,1,3,,3.0,25.06590909090909,1,2.0,2.0,0
2023,6,16,14,2,,10.333333333333334,25.06590909090909,1,3.0,3.0,0
2023,6,16,6,8,,4.333333333333333,25.06590909090909,1,5.0,4.0,0
2023,6,16,18,8,,8.666666666666666,25.06590909090909,1,8.0,5.0,0
2023,6,16,10,4,,11.333333333333334,25.06590909090909,1,6.0,6.0,0
2023,6,16,5,2,,10.0,25.06590909090909,1,7.0,7.0,0
2023,6,16,19,4,,7.666666666666667,25.06590909090909,1,4.0,8.0,0
2023,6,16,13,7,,13.333333333333334,25.06590909090909,1,10.0,9.0,0
2023,6,16,16,7,,14.0,25.06590909090909,1,11.0,10.0,0
2023,6,16,3,0,,14.0,25.06590909090909,1,15.0,11.0,0
2023,6,16,4,1,,15.666666666666666,25.06590909090909,1,12.0,12.0,0
2023,6,16,25,0,,12.666666666666666,25.06590909090909,1,19.0,13.0,0
2023,6,16,0,11,,17.333333333333332,25.06590909090909,1,13.0,14.0,0
2023,6,16,22,1,,10.666666666666666,25.06590909090909,1,9.0,15.0,0
2023,6,16,15,10,,2.6666666666666665,25.06590909090909,1,20.0,16.0,0
2023,6,16,7,5,,11.333333333333334,25.06590909090909,1,18.0,17.0,0
2023,6,16,20,11,,17.333333333333332,25.06590909090909,1,16.0,18.0,0
2023,6,16,11,5,,12.333333333333334,25.06590909090909,1,17.0,19.0,0
2023,6,16,21,3,,12.0,25.06590909090909,1,14.0,20.0,0
2023,7,19,23,10,,1.0,22.674025974025977,0,1.0,1.0,0
2023,7,19,6,8,,4.0,22.674025974025977,0,4.0,2.0,0
2023,7,19,18,8,,9.0,22.674025974025977,0,12.0,3.0,0
2023,7,19,15,10,,7.666666666666667,22.674025974025977,0,11.0,4.0,0
2023,7,19,19,4,,8.333333333333334,22.674025974025977,0,2.0,5.0,0
2023,7,19,21,3,,12.0,22.674025974025977,0,5.0,6.0,0
2023,7,19,1,3,,2.6666666666666665,22.674025974025977,0,8.0,7.0,0
2023,7,19,14,2,,8.666666666666666,22.674025974025977,0,6.0,8.0,0
2023,7,19,25,0,,12.666666666666666,22.674025974025977,0,13.0,9.0,0
2023,7,19,5,2,,9.333333333333334,22.674025974025977,0,10.0,10.0,0
2023,7,19,10,4,,11.0,22.674025974025977,0,19.0,11.0,0
2023,7,19,22,1,,12.0,22.674025974025977,0,15.0,12.0,0
2023,7,19,16,7,,12.333333333333334,22.674025974025977,0,9.0,13.0,0
2023,7,19,4,1,,15.0,22.674025974025977,0,14.0,14.0,0
2023,7,19,7,5,,13.0,22.674025974025977,0,7.0,15.0,0
2023,7,19,0,11,,15.666666666666666,22.674025974025977,0,18.0,16.0,0
2023,7,19,13,7,,10.666666666666666,22.674025974025977,0,3.0,17.0,0
2023,7,19,11,5,,15.333333333333334,22.674025974025977,0,17.0,18.0,0
2023,7,19,3,0,,11.666666666666666,22.674025974025977,0,16.0,19.0,0
2023,7,19,20,11,,18.0,22.674025974025977,0,20.0,20.0,0
2023,8,6,23,10,,1.0,18.53024691358025,0,1.0,1.0,1
2023,8,6,1,3,,4.0,18.53024691358025,0,2.0,2.0,1
2023,8,6,6,8,,4.0,18.53024691358025,0,3.0,3.0,1
2023,8,6,10,4,,8.0,18.53024691358025,0,10.0,4.0,1
2023,8,6,19,4,,6.0,18.53024691358025,0,11.0,5.0,1
2023,8,6,15,10,,7.333333333333333,18.53024691358025,0,12.0,6.0,1
2023,8,6,0,11,,14.666666666666666,18.53024691358025,0,9.0,7.0,1
2023,8,6,14,2,,6.666666666666667,18.53024691358025,0,6.0,8.0,1
2023,8,6,21,3,,12.666666666666666,18.53024691358025,0,16.0,9.0,1
2023,8,6,3,0,,14.333333333333334,18.53024691358025,0,14.0,10.0,1
2023,8,6,16,7,,14.0,18.53024691358025,0,8.0,11.0,1
2023,8,6,5,2,,8.333333333333334,18.53024691358025,0,15.0,12.0,1
2023,8,6,13,7,,14.333333333333334,18.53024691358025,0,7.0,13.0,1
2023,8,6,22,1,,12.666666666666666,18.53024691358025,0,19.0,14.0,1
2023,8,6,7,5,,15.666666666666666,18.53024691358025,0,5.0,15.0,1
2023,8,6,25,0,,12.666666666666666,18.53024691358025,0,20.0,16.0,1
2023,8,6,11,5,,15.666666666666666,18.53024691358025,0,13.0,17.0,1
2023,8,6,4,1,,14.666666666666666,18.53024691358025,0,17.0,18.0,1
2023,8,6,18,8,,4.0,18.53024691358025,0,4.0,19.0,1
2023,8,6,20,11,,19.333333333333332,18.53024691358025,0,18.0,20.0,1
2023,10,5,23,10,,1.0,21.473509933774835,0,1.0,1.0,1
2023,10,5,13,7,,13.0,21.473509933774835,0,2.0,2.0,1
2023,10,5,6,8,,3.0,21.473509933774835,0,7.0,3.0,1
2023,10,5,16,7,,11.333333333333334,21.473509933774835,0,3.0,4.0,1
2023,10,5,18,8,,9.0,21.473509933774835,0,6.0,5.0,1
2023,10,5,15,10,,8.666666666666666,21.473509933774835,0,15.0,6.0,1
2023,10,5,1,3,,3.6666666666666665,21.473509933774835,0,9.0,7.0,1
2023,10,5,0,11,,12.333333333333334,21.473509933774835,0,8.0,8.0,1
2023,10,5,10,4,,7.0,21.473509933774835,0,4.0,9.0,1
2023,10,5,19,4,,6.0,21.473509933774835,0,5.0,10.0,1
2023,10,5,20,11,,19.333333333333332,21.473509933774835,0,14.0,11.0,1
2023,10,5,3,0,,13.333333333333334,21.473509933774835,0,20.0,12.0,1
2023,10,5,7,5,,15.666666666666666,21.473509933774835,0,11.0,13.0,1
2023,10,5,21,3,,11.666666666666666,21.473509933774835,0,12.0,14.0,1
2023,10,5,25,0,,12.666666666666666,21.473509933774835,0,17.0,15.0,1
2023,10,5,22,1,,13.666666666666666,21.473509933774835,0,16.0,16.0,1
2023,10,5,4,1,,14.666666666666666,21.473509933774835,0,18.0,17.0,1
2023,10,5,5,2,,9.666666666666666,21.473509933774835,0,10.0,18.0,1
2023,10,5,11,5,,18.0,21.473509933774835,0,19.0,19.0,1
2023,10,5,14,2,,6.333333333333333,21.473509933774835,0,13.0,20.0,1
2023,11,10,23,10,,1.0,28.808536585365857,0,2.0,1.0,0
2023,11,10,13,7,,10.666666666666666,28.808536585365857,0,3.0,2.0,0
2023,11,10,15,10,,5.333333333333333,28.808536585365857,0,9.0,3.0,0
2023,11,10,6,8,,2.6666666666666665,28.808536585365857,0,1.0,4.0,0
2023,11,10,16,7,,9.333333333333334,28.808536585365857,0,4.0,5.0,0
2023,11,10,18,8,,9.0,28.808536585365857,0,18.0,6.0,0
2023,11,10,10,4,,8.0,28.808536585365857,0,6.0,7.0,0
2023,11,10,19,4,,6.666666666666667,28.808536585365857,0,11.0,8.0,0
2023,11,10,1,3,,5.333333333333333,28.808536585365857,0,8.0,9.0,0
2023,11,10,21,3,,9.666666666666666,28.808536585365857,0,14.0,10.0,0
2023,11,10,0,11,,10.333333333333334,28.808536585365857,0,16.0,11.0,0
2023,11,10,3,0,,13.666666666666666,28.808536585365857,0,7.0,12.0,0
2023,11,10,17,1,,10.666666666666666,28.808536585365857,0,13.0,13.0,0
2023,11,10,7,5,,14.333333333333334,28.808536585365857,0,10.0,14.0,0
2023,11,10,22,1,,14.0,28.808536585365857,0,17.0,15.0,0
2023,11,10,25,0,,13.333333333333334,28.808536585365857,0,5.0,16.0,0
2023,11,10,11,5,,18.0,28.808536585365857,0,19.0,17.0,0
2023,11,10,20,11,,17.0,28.808536585365857,0,20.0,18.0,0
2023,11,10,14,2,,12.0,28.808536585365857,0,12.0,19.0,0
2023,11,10,5,2,,13.333333333333334,28.808536585365857,0,15.0,20.0,0
2023,13,7,23,10,,1.0,16.791866028708135,1,1.0,1.0,1
2023,13,7,1,3,,6.0,16.791866028708135,1,5.0,2.0,1
2023,13,7,5,2,,16.666666666666668,16.791866028708135,1,12.0,3.0,1
2023,13,7,15,10,,5.0,16.791866028708135,1,7.0,4.0,1
2023,13,7,19,4,,7.666666666666667,16.791866028708135,1,6.0,5.0,1
2023,13,7,6,8,,3.3333333333333335,16.791866028708135,1,13.0,6.0,1
2023,13,7,13,7,,5.666666666666667,16.791866028708135,1,2.0,7.0,1
2023,13,7,0,11,,8.666666666666666,16.791866028708135,1,4.0,8.0,1
2023,13,7,16,7,,6.666666666666667,16.791866028708135,1,8.0,9.0,1
2023,13,7,14,2,,15.666666666666666,16.791866028708135,1,16.0,10.0,1
2023,13,7,21,3,,11.0,16.791866028708135,1,11.0,11.0,1
2023,13,7,7,5,,14.0,16.791866028708135,1,14.0,12.0,1
2023,13,7,9,1,20.0,15.0,16.791866028708135,1,19.0,13.0,1
2023,13,7,3,0,,11.333333333333334,16.791866028708135,1,18.0,14.0,1
2023,13,7,22,1,,15.0,16.791866028708135,1,17.0,15.0,1
2023,13,7,11,5,,17.666666666666668,16.791866028708135,1,0.0,16.0,1
2023,13,7,18,8,,10.0,16.791866028708135,1,3.0,17.0,1
2023,13,7,25,0,,15.666666666666666,16.791866028708135,1,15.0,18.0,1
2023,13,7,10,4,,6.666666666666667,16.791866028708135,1,9.0,19.0,1
2023,13,7,20,11,,16.333333333333332,16.791866028708135,1,10.0,20.0,1
2023,14,11,23,10,,1.0,29.330128205128204,0,2.0,1.0,0
2023,14,11,15,10,,4.333333333333333,29.330128205128204,0,5.0,2.0,0
2023,14,11,19,4,,7.666666666666667,29.330128205128204,0,1.0,3.0,0
2023,14,11,10,4,,11.666666666666666,29.330128205128204,0,3.0,4.0,0
2023,14,11,18,8,,9.333333333333334,29.330128205128204,0,4.0,5.0,0
2023,14,11,6,8,,4.333333333333333,29.330128205128204,0,8.0,6.0,0
2023,14,11,0,11,,9.0,29.330128205128204,0,6.0,7.0,0
2023,14,11,13,7,,3.6666666666666665,29.330128205128204,0,9.0,8.0,0
2023,14,11,1,3,,6.0,29.330128205128204,0,10.0,9.0,0
2023,14,11,3,0,,12.666666666666666,29.330128205128204,0,14.0,10.0,0
2023,14,11,9,1,,13.0,29.330128205128204,0,12.0,11.0,0
2023,14,11,16,7,,6.0,29.330128205128204,0,7.0,12.0,0
2023,14,11,20,11,,16.333333333333332,29.330128205128204,0,15.0,13.0,0
2023,14,11,25,0,,16.333333333333332,29.330128205128204,0,16.0,14.0,0
2023,14,11,5,2,,13.666666666666666,29.330128205128204,0,17.0,15.0,0
2023,14,11,21,3,,11.666666666666666,29.330128205128204,0,20.0,16.0,0
2023,14,11,7,5,,13.0,29.330128205128204,0,13.0,17.0,0
2023,14,11,11,5,,17.333333333333332,29.330128205128204,0,19.0,18.0,0
2023,14,11,14,2,,16.333333333333332,29.330128205128204,0,18.0,19.0,0
2023,14,11,22,1,,15.333333333333334,29.330128205128204,0,11.0,20.0,0
2023,15,18,19,4,,5.333333333333333,29.844318181818185,0,1.0,1.0,1
2023,15,18,13,7,,5.666666666666667,29.844318181818185,0,4.0,2.0,1
2023,15,18,6,8,,5.333333333333333,29.844318181818185,0,5.0,3.0,1
2023,15,18,10,4,,10.0,29.844318181818185,0,3.0,4.0,1
2023,15,18,23,10,,1.0,29.844318181818185,0,11.0,5.0,1
2023,15,18,5,2,,12.666666666666666,29.844318181818185,0,12.0,6.0,1
2023,15,18,16,7,,8.666666666666666,29.844318181818185,0,17.0,7.0,1
2023,15,18,15,10,,3.0,29.844318181818185,0,13.0,8.0,1
2023,15,18,9,1,,12.0,29.844318181818185,0,10.0,9.0,1
2023,15,18,11,5,,17.0,29.844318181818185,0,6.0,10.0,1
2023,15,18,0,11,,8.666666666666666,29.844318181818185,0,14.0,11.0,1
2023,15,18,25,0,,16.0,29.844318181818185,0,19.0,12.0,1
2023,15,18,7,5,,14.333333333333334,29.844318181818185,0,9.0,13.0,1
2023,15,18,20,11,,17.0,29.844318181818185,0,18.0,14.0,1
2023,15,18,1,3,,6.666666666666667,29.844318181818185,0,7.0,15.0,1
2023,15,18,18,8,,9.333333333333334,29.844318181818185,0,2.0,16.0,1
2023,15,18,3,0,,12.0,29.844318181818185,0,16.0,17.0,1
2023,15,18,14,2,,16.0,29.844318181818185,0,8.0,18.0,1
2023,15,18,22,1,,16.666666666666668,29.844318181818185,0,15.0,19.0,1
2023,15,18,21,3,,12.333333333333334,29.844318181818185,0,20.0,20.0,1
2023,16,12,23,10,,2.3333333333333335,27.28860759493671,0,1.0,1.0,1
2023,16,12,13,7,,5.666666666666667,27.28860759493671,0,3.0,2.0,1
2023,16,12,16,7,,9.333333333333334,27.28860759493671,0,2.0,3.0,1
2023,16,12,10,4,,9.0,27.28860759493671,0,4.0,4.0,1
2023,16,12,6,8,,5.0,27.28860759493671,0,7.0,5.0,1
2023,16,12,19,4,,3.0,27.28860759493671,0,6.0,6.0,1
2023,16,12,18,8,,12.666666666666666,27.28860759493671,0,8.0,7.0,1
2023,16,12,1,3,,8.666666666666666,27.28860759493671,0,10.0,8.0,1
2023,16,12,14,2,,15.666666666666666,27.28860759493671,0,14.0,9.0,1
2023,16,12,5,2,,8.0,27.28860759493671,0,12.0,10.0,1
2023,16,12,9,1,,11.0,27.28860759493671,0,11.0,11.0,1
2023,16,12,22,1,,18.0,27.28860759493671,0,9.0,12.0,1
2023,16,12,25,0,,14.666666666666666,27.28860759493671,0,19.0,13.0,1
2023,16,12,7,5,,14.0,27.28860759493671,0,18.0,14.0,1
2023,16,12,11,5,,14.666666666666666,27.28860759493671,0,15.0,15.0,1
2023,16,12,0,11,,8.666666666666666,27.28860759493671,0,13.0,16.0,1
2023,16,12,20,11,,15.666666666666666,27.28860759493671,0,20.0,17.0,1
2023,16,12,21,3,,15.666666666666666,27.28860759493671,0,17.0,18.0,1
2023,16,12,15,10,,4.666666666666667,27.28860759493671,0,5.0,19.0,1
2023,16,12,3,0,,13.666666666666666,27.28860759493671,0,16.0,20.0,1
2023,19,14,23,10,,2.3333333333333335,25.547368421052628,0,3.0,1.0,1
2023,19,14,6,8,,4.666666666666667,25.547368421052628,0,6.0,2.0,1
2023,19,14,10,4,,4.0,25.547368421052628,0,1.0,3.0,1
2023,19,14,19,4,,3.3333333333333335,25.547368421052628,0,2.0,4.0,1
2023,19,14,13,7,,4.0,25.547368421052628,0,17.0,5.0,1
2023,19,14,18,8,,9.333333333333334,25.547368421052628,0,8.0,6.0,1
2023,19,14,17,1,,9.666666666666666,25.547368421052628,0,4.0,7.0,1
2023,19,14,16,7,,7.333333333333333,25.547368421052628,0,7.0,8.0,1
2023,19,14,0,11,,11.333333333333334,25.547368421052628,0,14.0,9.0,1
2023,19,14,14,2,,15.333333333333334,25.547368421052628,0,15.0,10.0,1
2023,19,14,5,2,,10.333333333333334,25.547368421052628,0,11.0,11.0,1
2023,19,14,22,1,,17.0,25.547368421052628,0,18.0,12.0,1
2023,19,14,7,5,,14.666666666666666,25.547368421052628,0,12.0,13.0,1
2023,19,14,25,0,,13.0,25.547368421052628,0,10.0,14.0,1
2023,19,14,3,0,,15.666666666666666,25.547368421052628,0,9.0,15.0,1
2023,19,14,20,11,,14.666666666666666,25.547368421052628,0,19.0,16.0,1
2023,19,14,21,3,,18.0,25.547368421052628,0,0.0,17.0,1
2023,19,14,1,3,,10.666666666666666,25.547368421052628,0,13.0,18.0,1
2023,19,14,11,5,,14.333333333333334,25.547368421052628,0,16.0,19.0,1
2023,19,14,15,10,,9.666666666666666,25.547368421052628,0,5.0,20.0,1
2023,21,13,23,10,,2.3333333333333335,18.05,0,2.0,1.0,1
2023,21,13,10,4,,3.6666666666666665,18.05,0,1.0,2.0,1
2023,21,13,15,10,,15.666666666666666,18.05,0,11.0,3.0,1
2023,21,13,14,2,,12.333333333333334,18.05,0,16.0,4.0,1
2023,21,13,21,3,,18.333333333333332,18.05,0,19.0,5.0,1
2023,21,13,19,4,,3.6666666666666665,18.05,0,12.0,6.0,1
2023,21,13,6,8,,3.3333333333333335,18.05,0,10.0,7.0,1
2023,21,13,18,8,,9.666666666666666,18.05,0,3.0,8.0,1
2023,21,13,1,3,,13.666666666666666,18.05,0,9.0,9.0,1
2023,21,13,16,7,,6.0,18.05,0,18.0,10.0,1
2023,21,13,5,2,,9.0,18.05,0,4.0,11.0,1
2023,21,13,0,11,,12.0,18.05,0,5.0,12.0,1
2023,21,13,11,5,,14.666666666666666,18.05,0,8.0,13.0,1
2023,21,13,17,1,,9.666666666666666,18.05,0,14.0,14.0,1
2023,21,13,25,0,,13.0,18.05,0,17.0,15.0,1
2023,21,13,20,11,,15.666666666666666,18.05,0,6.0,16.0,1
2023,21,13,3,0,,17.333333333333332,18.05,0,7.0,17.0,1
2023,21,13,22,1,,14.333333333333334,18.05,0,20.0,18.0,1
2023,21,13,7,5,,13.333333333333334,18.05,0,13.0,19.0,1
2023,21,13,13,7,,3.0,18.05,0,15.0,20.0,1
2023,22,0,23,10,,1.0,26.96282051282052,0,1.0,1.0,0
2023,22,0,10,4,,3.0,26.96282051282052,0,2.0,2.0,0
2023,22,0,18,8,,7.0,26.96282051282052,0,4.0,3.0,0
2023,22,0,15,10,,14.0,26.96282051282052,0,9.0,4.0,0
2023,22,0,13,7,,9.0,26.96282051282052,0,5.0,5.0,0
2023,22,0,16,7,,7.0,26.96282051282052,0,3.0,6.0,0
2023,22,0,1,3,,11.666666666666666,26.96282051282052,0,7.0,7.0,0
2023,22,0,22,1,,14.0,26.96282051282052,0,6.0,8.0,0
2023,22,0,6,8,,4.666666666666667,26.96282051282052,0,11.0,9.0,0
2023,22,0,21,3,,13.333333333333334,26.96282051282052,0,13.0,10.0,0
2023,22,0,17,1,,11.333333333333334,26.96282051282052,0,15.0,11.0,0
2023,22,0,14,2,,7.666666666666667,26.96282051282052,0,12.0,12.0,0
2023,22,0,5,2,,10.666666666666666,26.96282051282052,0,10.0,13.0,0
2023,22,0,0,11,,12.333333333333334,26.96282051282052,0,14.0,14.0,0
2023,22,0,7,5,,15.333333333333334,26.96282051282052,0,8.0,15.0,0
2023,22,0,20,11,,16.333333333333332,26.96282051282052,0,20.0,16.0,0
2023,22,0,25,0,,14.0,26.96282051282052,0,19.0,17.0,0
2023,22,0,19,4,,5.333333333333333,26.96282051282052,0,16.0,18.0,0
2023,22,0,3,0,,17.333333333333332,26.96282051282052,0,18.0,19.0,0
2023,22,0,11,5,,15.666666666666666,26.96282051282052,0,17.0,20.0,0
2024,1,3,23,10,,1.0,18.22738853503185,0,1.0,1.0,0
2024,1,3,15,10,,9.0,18.22738853503185,0,5.0,2.0,0
2024,1,3,19,4,,9.333333333333334,18.22738853503185,0,4.0,3.0,0
2024,1,3,10,4,,2.3333333333333335,18.22738853503185,0,2.0,4.0,0
2024,1,3,18,8,,5.666666666666667,18.22738853503185,0,3.0,5.0,0
2024,1,3,13,7,,10.0,18.22738853503185,0,7.0,6.0,0
2024,1,3,6,8,,6.0,18.22738853503185,0,9.0,7.0,0
2024,1,3,16,7,,8.0,18.22738853503185,0,8.0,8.0,0
2024,1,3,1,3,,11.333333333333334,18.22738853503185,0,6.0,9.0,0
2024,1,3,21,3,,10.666666666666666,18.22738853503185,0,12.0,10.0,0
2024,1,3,25,6,,15.333333333333334,18.22738853503185,0,17.0,11.0,0
2024,1,3,11,5,,17.333333333333332,18.22738853503185,0,15.0,12.0,0
2024,1,3,17,9,,10.666666666666666,18.22738853503185,0,14.0,13.0,0
2024,1,3,22,9,,12.666666666666666,18.22738853503185,0,11.0,14.0,0
2024,1,3,0,11,,11.666666666666666,18.22738853503185,0,13.0,15.0,0
2024,1,3,7,5,,15.666666666666666,18.22738853503185,0,10.0,16.0,0
2024,1,3,14,2,,8.666666666666666,18.22738853503185,0,19.0,17.0,0
2024,1,3,5,2,,11.666666666666666,18.22738853503185,0,20.0,18.0,0
2024,1,3,3,6,,17.0,18.22738853503185,0,16.0,19.0,0
2024,1,3,20,11,,16.0,18.22738853503185,0,18.0,20.0,0
2024,2,17,23,10,,1.0,25.528082191780825,0,1.0,1.0,1
2024,2,17,15,10,,3.0,25.528082191780825,0,3.0,2.0,1
2024,2,17,10,4,,2.6666666666666665,25.528082191780825,0,2.0,3.0,1
2024,2,17,16,7,,8.0,25.528082191780825,0,5.0,4.0,1
2024,2,17,1,3,,8.333333333333334,25.528082191780825,0,4.0,5.0,1
2024,2,17,18,8,,5.333333333333333,25.528082191780825,0,7.0,6.0,1
2024,2,17,2,4,20.0,15.0,25.528082191780825,0,11.0,7.0,1
2024,2,17,13,7,,10.333333333333334,25.528082191780825,0,6.0,8.0,1
2024,2,17,6,8,,7.666666666666667,25.528082191780825,0,8.0,9.0,1
2024,2,17,7,5,,16.666666666666668,25.528082191780825,0,15.0,10.0,1
2024,2,17,0,11,,13.666666666666666,25.528082191780825,0,12.0,11.0,1
2024,2,17,11,5,,15.0,25.528082191780825,0,13.0,12.0,1
2024,2,17,14,2,,11.0,25.528082191780825,0,17.0,13.0,1
2024,2,17,20,11,,17.333333333333332,25.528082191780825,0,19.0,14.0,1
2024,2,17,22,9,,13.333333333333334,25.528082191780825,0,9.0,15.0,1
2024,2,17,17,9,,12.666666666666666,25.528082191780825,0,14.0,16.0,1
2024,2,17,3,6,,18.333333333333332,25.528082191780825,0,16.0,17.0,1
2024,2,17,25,6,,14.333333333333334,25.528082191780825,0,20.0,18.0,1
2024,2,17,21,3,,8.333333333333334,25.528082191780825,0,10.0,19.0,1
2024,2,17,5,2,,14.0,25.528082191780825,0,18.0,20.0,1
2024,3,1,19,4,,9.0,20.62222222222222,0,2.0,1.0,1
2024,3,1,10,4,,3.0,20.62222222222222,0,4.0,2.0,1
2024,3,1,13,7,,6.333333333333333,20.62222222222222,0,3.0,3.0,1
2024,3,1,16,7,,6.0,20.62222222222222,0,5.0,4.0,1
2024,3,1,15,10,,2.6666666666666665,20.62222222222222,0,6.0,5.0,1
2024,3,1,21,3,,13.0,20.62222222222222,0,9.0,6.0,1
2024,3,1,22,9,,12.333333333333334,20.62222222222222,0,8.0,7.0,1
2024,3,1,1,3,,7.0,20.62222222222222,0,10.0,8.0,1
2024,3,1,7,5,,13.666666666666666,20.62222222222222,0,16.0,9.0,1
2024,3,1,11,5,,14.666666666666666,20.62222222222222,0,14.0,10.0,1
2024,3,1,0,11,,13.333333333333334,20.62222222222222,0,12.0,11.0,1
2024,3,1,17,9,,13.333333333333334,20.62222222222222,0,18.0,12.0,1
2024,3,1,5,2,,17.0,20.62222222222222,0,17.0,13.0,1
2024,3,1,3,6,,18.333333333333332,20.62222222222222,0,13.0,14.0,1
2024,3,1,25,6,,15.333333333333334,20.62222222222222,0,19.0,15.0,1
2024,3,1,14,2,,14.0,20.62222222222222,0,15.0,16.0,1
2024,3,1,18,8,,4.666666666666667,20.62222222222222,0,7.0,17.0,1
2024,3,1,6,8,,8.333333333333334,20.62222222222222,0,11.0,18.0,1
2024,3,1,23,10,,1.0,20.62222222222222,0,1.0,19.0,1
2024,4,12,23,10,,7.0,21.69116022099448,0,1.0,1.0,0
2024,4,12,15,10,,3.0,21.69116022099448,0,2.0,2.0,0
2024,4,12,19,4,,7.333333333333333,21.69116022099448,0,4.0,3.0,0
2024,4,12,10,4,,3.0,21.69116022099448,0,8.0,4.0,0
2024,4,12,13,7,,5.666666666666667,21.69116022099448,0,3.0,5.0,0
2024,4,12,1,3,,7.333333333333333,21.69116022099448,0,5.0,6.0,0
2024,4,12,18,8,,9.333333333333334,21.69116022099448,0,9.0,7.0,0
2024,4,12,16,7,,5.333333333333333,21.69116022099448,0,6.0,8.0,0
2024,4,12,6,8,,11.333333333333334,21.69116022099448,0,7.0,9.0,0
2024,4,12,22,9,,12.0,21.69116022099448,0,10.0,10.0,0
2024,4,12,7,5,,11.666666666666666,21.69116022099448,0,12.0,11.0,0
2024,4,12,21,3,,11.666666666666666,21.69116022099448,0,16.0,12.0,0
2024,4,12,11,5,,11.333333333333334,21.69116022099448,0,18.0,13.0,0
2024,4,12,3,6,,16.666666666666668,21.69116022099448,0,13.0,14.0,0
2024,4,12,14,2,,15.333333333333334,21.69116022099448,0,15.0,15.0,0
2024,4,12,5,2,,17.0,21.69116022099448,0,17.0,16.0,0
2024,4,12,20,11,,16.666666666666668,21.69116022099448,0,19.0,17.0,0
2024,4,12,25,6,,14.666666666666666,21.69116022099448,0,20.0,18.0,0
2024,4,12,17,9,,13.666666666666666,21.69116022099448,0,11.0,19.0,0
2024,4,12,0,11,,12.333333333333334,21.69116022099448,0,14.0,20.0,0
2024,7,8,23,10,,7.0,25.11398601398601,0,1.0,1.0,0
2024,7,8,13,7,,5.333333333333333,25.11398601398601,0,2.0,2.0,0
2024,7,8,10,4,,3.0,25.11398601398601,0,3.0,3.0,0
2024,7,8,16,7,,5.333333333333333,25.11398601398601,0,5.0,4.0,0
2024,7,8,19,4,,2.3333333333333335,25.11398601398601,0,4.0,5.0,0
2024,7,8,6,8,,12.0,25.11398601398601,0,8.0,6.0,0
2024,7,8,18,8,,10.0,25.11398601398601,0,6.0,7.0,0
2024,7,8,15,10,,3.0,25.11398601398601,0,11.0,8.0,0
2024,7,8,21,3,,12.333333333333334,25.11398601398601,0,13.0,9.0,0
2024,7,8,22,9,,10.666666666666666,25.11398601398601,0,7.0,10.0,0
2024,7,8,7,5,,10.0,25.11398601398601,0,10.0,11.0,0
2024,7,8,11,5,,11.666666666666666,25.11398601398601,0,18.0,12.0,0
2024,7,8,17,9,,15.666666666666666,25.11398601398601,0,9.0,13.0,0
2024,7,8,14,2,,14.666666666666666,25.11398601398601,0,12.0,14.0,0
2024,7,8,25,6,,17.0,25.11398601398601,0,17.0,15.0,0
2024,7,8,5,2,,16.333333333333332,25.11398601398601,0,15.0,16.0,0
2024,7,8,20,11,,17.0,25.11398601398601,0,19.0,17.0,0
2024,7,8,3,6,,15.0,25.11398601398601,0,16.0,18.0,0
2024,7,8,1,3,,6.333333333333333,25.11398601398601,0,20.0,19.0,0
2024,7,8,0,11,,14.0,25.11398601398601,0,14.0,20.0,0
2024,8,16,10,4,,3.0,21.596499999999995,0,1.0,1.0,0
2024,8,16,16,7,,5.333333333333333,21.596499999999995,0,2.0,2.0,0
2024,8,16,19,4,,3.0,21.596499999999995,0,3.0,3.0,0
2024,8,16,13,7,,3.3333333333333335,21.596499999999995,0,4.0,4.0,0
2024,8,16,18,8,,10.333333333333334,21.596499999999995,0,5.0,5.0,0
2024,8,16,23,10,,7.0,21.596499999999995,0,6.0,6.0,0
2024,8,16,6,8,,11.0,21.596499999999995,0,7.0,7.0,0
2024,8,16,22,9,,9.0,21.596499999999995,0,8.0,8.0,0
2024,8,16,0,11,,17.0,21.596499999999995,0,9.0,9.0,0
2024,8,16,5,2,,15.0,21.596499999999995,0,10.0,10.0,0
2024,8,16,1,3,,11.0,21.596499999999995,0,14.0,11.0,0
2024,8,16,17,9,,14.666666666666666,21.596499999999995,0,12.0,12.0,0
2024,8,16,3,6,,15.333333333333334,21.596499999999995,0,17.0,13.0,0
2024,8,16,21,3,,9.0,21.596499999999995,0,13.0,14.0,0
2024,8,16,20,11,,16.0,21.596499999999995,0,15.0,15.0,0
2024,8,16,25,6,,16.0,21.596499999999995,0,18.0,16.0,0
2024,8,16,14,2,,15.0,21.596499999999995,0,11.0,17.0,0
2024,8,16,15,10,,5.0,21.596499999999995,0,16.0,18.0,0
2024,8,16,7,5,,10.333333333333334,21.596499999999995,0,19.0,19.0,0
2024,8,16,11,5,,11.666666666666666,21.596499999999995,0,20.0,20.0,0
2024,9,6,23,10,,2.6666666666666665,17.797345132743363,1,2.0,1.0,1
2024,9,6,13,7,,3.6666666666666665,17.797345132743363,1,3.0,2.0,1
2024,9,6,18,8,,6.333333333333333,17.797345132743363,1,1.0,3.0,1
2024,9,6,6,8,,7.333333333333333,17.797345132743363,1,7.0,4.0,1
2024,9,6,16,7,,4.666666666666667,17.797345132743363,1,4.0,5.0,1
2024,9,6,1,3,,12.0,17.797345132743363,1,6.0,6.0,1
2024,9,6,21,3,,11.666666666666666,17.797345132743363,1,9.0,7.0,1
2024,9,6,17,9,,14.666666666666666,17.797345132743363,1,5.0,8.0,1
2024,9,6,5,2,,14.0,17.797345132743363,1,15.0,9.0,1
2024,9,6,14,2,,15.333333333333334,17.797345132743363,1,18.0,10.0,1
2024,9,6,7,5,,13.666666666666666,17.797345132743363,1,17.0,11.0,1
2024,9,6,11,5,,15.0,17.797345132743363,1,14.0,12.0,1
2024,9,6,3,6,,15.0,17.797345132743363,1,19.0,13.0,1
2024,9,6,22,9,,9.333333333333334,17.797345132743363,1,8.0,14.0,1
2024,9,6,25,6,,16.333333333333332,17.797345132743363,1,20.0,15.0,1
2024,9,6,19,4,,3.6666666666666665,17.797345132743363,1,12.0,16.0,1
2024,9,6,0,11,,16.333333333333332,17.797345132743363,1,10.0,17.0,1
2024,9,6,15,10,,9.333333333333334,17.797345132743363,1,16.0,18.0,1
2024,9,6,10,4,,2.6666666666666665,17.797345132743363,1,11.0,19.0,1
2024,9,6,20,11,,16.333333333333332,17.797345132743363,1,13.0,20.0,1
